<?xml version="1.0" encoding="UTF-8"?>
<project-private xmlns="http://www.netbeans.org/ns/project-private/1">
    <editor-bookmarks xmlns="http://www.netbeans.org/ns/editor-bookmarks/2" lastBookmarkId="0"/>
    <open-files xmlns="http://www.netbeans.org/ns/projectui-open-files/2">
        <group>
            <file>file:/E:/1.%20University/2.%20Software%20Engineering/sms/src/sms/sms.java</file>
            <file>file:/E:/1.%20University/2.%20Software%20Engineering/sms/src/sms/Text.java</file>
            <file>file:/E:/1.%20University/2.%20Software%20Engineering/sms/src/sms/Tweet.java</file>
            <file>file:/E:/1.%20University/2.%20Software%20Engineering/sms/src/sms/E_Mail.java</file>
        </group>
    </open-files>
</project-private>
